PlayerID,Lname,Fname,Year,Conference,League
abdulka01,Abdul-Jabbar,Kareem,1978,West,NBA
abdulka01,Abdul-Jabbar,Kareem,1969,East,NBA
abdulka01,Abdul-Jabbar,Kareem,1988,West,NBA
abdulka01,Abdul-Jabbar,Kareem,1987,West,NBA
abdulka01,Abdul-Jabbar,Kareem,1986,West,NBA
abdulka01,Abdul-Jabbar,Kareem,1985,West,NBA
abdulka01,Abdul-Jabbar,Kareem,1984,West,NBA
abdulka01,Abdul-Jabbar,Kareem,1983,West,NBA
abdulka01,Abdul-Jabbar,Kareem,1982,West,NBA
abdulka01,Abdul-Jabbar,Kareem,1980,West,NBA
abdulka01,Abdul-Jabbar,Kareem,1979,West,NBA
abdulka01,Abdul-Jabbar,Kareem,1976,West,NBA
abdulka01,Abdul-Jabbar,Kareem,1975,West,NBA
abdulka01,Abdul-Jabbar,Kareem,1974,West,NBA
abdulka01,Abdul-Jabbar,Kareem,1973,West,NBA
abdulka01,Abdul-Jabbar,Kareem,1972,West,NBA
abdulka01,Abdul-Jabbar,Kareem,1971,West,NBA
abdulka01,Abdul-Jabbar,Kareem,1970,West,NBA
abdulka01,Abdul-Jabbar,Kareem,1981,West,NBA
abdursh01,A-Rahim,Shareef,2001,East,NBA
adamsal01,Adams,Alvan,1975,West,NBA
adamsmi01,Adams,Michael,1991,East,NBA
aguirma01,Aguirre,Mark,1987,West,NBA
aguirma01,Aguirre,Mark,1986,West,NBA
aguirma01,Aguirre,Mark,1983,West,NBA
aingeda01,Ainge,Danny,1987,East,NBA
allenra02,Allen,Ray,2001,East,NBA
allenra02,Allen,Ray,2000,East,NBA
allenra02,Allen,Ray,1999,East,NBA
allenra02,Allen,Ray,2003,West,NBA
allenra02,Allen,Ray,2008,East,NBA
allenra02,Allen,Ray,2007,East,NBA
allenra02,Allen,Ray,2004,West,NBA
allenra02,Allen,Ray,2005,West,NBA
allenra02,Allen,Ray,2006,West,NBA
anderke02,Anderson,Kenny,1993,East,NBA
anthoca01,Anthony,Carmelo,2009,West,NBA
anthoca01,Anthony,Carmelo,2006,West,NBA
antonca01,Anthony,Carmelo,2007,West,NBA
archina01,Archibald,Nate,1980,East,NBA
archina01,Archibald,Nate,1979,East,NBA
archina01,Archibald,Nate,1975,West,NBA
archina01,Archibald,Nate,1974,West,NBA
archina01,Archibald,Nate,1972,West,NBA
archina01,Archibald,Nate,1981,East,NBA
arenagi01,Arenas,Gilbert,2006,East,NBA
arenagi01,Arenas,Gilbert,2004,East,NBA
arenagi01,Arenas,Gilbert,2005,East,NBA
arizipa01,Arizin,Paul,1950,East,NBA
arizipa01,Arizin,Paul,1961,East,NBA
arizipa01,Arizin,Paul,1960,East,NBA
arizipa01,Arizin,Paul,1959,East,NBA
arizipa01,Arizin,Paul,1958,East,NBA
arizipa01,Arizin,Paul,1957,East,NBA
arizipa01,Arizin,Paul,1956,East,NBA
arizipa01,Arizin,Paul,1955,East,NBA
arizipa01,Arizin,Paul,1954,East,NBA
arizipa01,Arizin,Paul,1951,East,NBA
armstbj01,Armstrong,B.J.,1993,East,NBA
artesro01,Artest,Ron,2003,East,NBA
bakervi01,Baker,Vin,1996,East,NBA
bakervi01,Baker,Vin,1995,East,NBA
bakervi01,Baker,Vin,1994,East,NBA
bakervi01,Baker,Vin,1997,West,NBA
barklch01,Barkley,Charles,1996,West,NBA
barklch01,Barkley,Charles,1991,East,NBA
barklch01,Barkley,Charles,1990,East,NBA
barklch01,Barkley,Charles,1989,East,NBA
barklch01,Barkley,Charles,1988,East,NBA
barklch01,Barkley,Charles,1987,East,NBA
barklch01,Barkley,Charles,1986,East,NBA
barklch01,Barkley,Charles,1995,West,NBA
barklch01,Barkley,Charles,1994,West,NBA
barklch01,Barkley,Charles,1992,Weset,NBA
barksdo01,Barksdale,Don,1952,East,NBA
barnedi01,Barnett,Dick,1967,East,NBA
barnhle01,Barnhorst,Leo,1952,West,NBA
barnhle01,Barnhorst,Leo,1951,West,NBA
barroda01,Barros,Dana,1994,East,NBA
barryri01,Barry,Rick,1977,West,NBA
barryri01,Barry,Rick,1976,West,NBA
barryri01,Barry,Rick,1975,West,NBA
barryri01,Barry,Rick,1974,West,NBA
barryri01,Barry,Rick,1973,West,NBA
barryri01,Barry,Rick,1972,West,NBA
barryri01,Barry,Rick,1966,West,NBA
barryri01,Barry,Rick,1965,West,NBA
bayloel01,Baylor,Elgin,1969,West,NBA
bayloel01,Baylor,Elgin,1968,West,NBA
bayloel01,Baylor,Elgin,1967,West,NBA
bayloel01,Baylor,Elgin,1966,West,NBA
bayloel01,Baylor,Elgin,1964,West,NBA
bayloel01,Baylor,Elgin,1963,West,NBA
bayloel01,Baylor,Elgin,1962,West,NBA
bayloel01,Baylor,Elgin,1961,West,NBA
bayloel01,Baylor,Elgin,1960,West,NBA
bayloel01,Baylor,Elgin,1959,West,NBA
bayloel01,Baylor,Elgin,1958,West,NBA
beardbu01,Beard,Butch,1971,East,NBA
beardra01,Beard,Ralph,1950,West,NBA
beattze01,Beatty,Zelmo,1967,West,NBA
beattze01,Beatty,Zelmo,1965,West,NBA
bellawa01,Bellamy,Walt,1964,West,NBA
bellawa01,Bellamy,Walt,1963,West,NBA
bellawa01,Bellamy,Walt,1962,West,NBA
bellawa01,Bellamy,Walt,1961,West,NBA
billuch01,Billups,Chauncey,2009,West,NBA
billuch01,Billups,Chauncey,2008,West,NBA
billuch01,Billups,Chauncey,2005,East,NBA
billuch01,Billups,Chauncey,2006,East,NBA
billuch01,Billups,Chauncey,2007,East,NBA
bingda01,Bing,Dave,1974,West,NBA
bingda01,Bing,Dave,1973,West,NBA
bingda01,Bing,Dave,1972,West,NBA
bingda01,Bing,Dave,1970,West,NBA
bingda01,Bing,Dave,1968,East,NBA
bingda01,Bing,Dave,1967,East,NBA
bingda01,Bing,Dave,1975,East,NBA
birdla01,Bird,Larry,1991,East,NBA
birdla01,Bird,Larry,1990,East,NBA
birdla01,Bird,Larry,1989,East,NBA
birdla01,Bird,Larry,1987,East,NBA
birdla01,Bird,Larry,1986,East,NBA
birdla01,Bird,Larry,1985,East,NBA
birdla01,Bird,Larry,1984,East,NBA
birdla01,Bird,Larry,1983,East,NBA
birdla01,Bird,Larry,1982,East,NBA
birdla01,Bird,Larry,1980,East,NBA
birdla01,Bird,Larry,1979,East,NBA
birdla01,Bird,Larry,1981,East,NBA
birdsot01,Birdsong,Otis,1980,West,NBA
birdsot01,Birdsong,Otis,1979,West,NBA
birdsot01,Birdsong,Otis,1978,West,NBA
birdsot01,Birdsong,Otis,1983,East,NBA
blackro01,Blackman,Rolando,1989,West,NBA
blackro01,Blackman,Rolando,1986,West,NBA
blackro01,Blackman,Rolando,1985,West,NBA
blackro01,Blackman,Rolando,1984,West,NBA
blaylmo01,Blaylock,Mookie,1993,East,NBA
blockjo01,Block,John,1972,East,NBA
boozebo01,Boozer,Bob,1967,West,NBA
boozeca01,Boozer,Carlos,2007,West,NBA
borylvi01,Boryla,Vince,1950,East,NBA
boshch01,Bosh,Chris,2009,East,NBA
boshch01,Bosh,Chris,2007,East,NBA
boshch01,Bosh,Chris,2006,East,NBA
boshch01,Bosh,Chris,2005,East,NBA
bradlbi01,Bradley,Bill,1972,East,NBA
brandel01,Brand,Elton,2001,West,NBA
brandel01,Brand,Elton,2005,West,NBA
brandte01,Brandon,Terrell,1996,East,NBA
brandte01,Brandon,Terrell,1995,East,NBA
braunca01,Braun,Carl,1956,East,NBA
braunca01,Braun,Carl,1955,East,NBA
braunca01,Braun,Carl,1954,East,NBA
braunca01,Braun,Carl,1953,East,NBA
braunca01,Braun,Carl,1952,East,NBA
brianfr01,Brian,Frank,1951,West,NBA
brianfr01,Brian,Frank,1950,West,NBA
bridgbi01,Bridges,Bill,1969,West,NBA
bridgbi01,Bridges,Bill,1967,West,NBA
bridgbi01,Bridges,Bill,1966,West,NBA
brownfr01,Brown,Fred,1975,West,NBA
bryanko01,Bryant,Kobe,2008,West,NBA
bryanko01,Bryant,Kobe,2003,West,NBA
bryanko01,Bryant,Kobe,2002,West,NBA
bryanko01,Bryant,Kobe,2001,West,NBA
bryanko01,Bryant,Kobe,2000,West,NBA
bryanko01,Bryant,Kobe,1999,West,NBA
bryanko01,Bryant,Kobe,1997,West,NBA
bryanko01,Bryant,Kobe,2005,West,NBA
bryanko01,Bryant,Kobe,2004,West,NBA
bryanko01,Bryant,Kobe,2006,West,NBA
bryanko01,Bryant,Kobe,2007,West,NBA
busedo01,Buse,Don,1976,West,NBA
butleca01,Butler,Caron,2006,East,NBA
caldwjo01,Caldwell,Joe,1969,West,NBA
caldwjo01,Caldwell,Joe,1968,West,NBA
carrau01,Carr,Austin,1973,East,NBA
carrojo01,Carroll,Joe,1986,West,NBA
cartevi01,Carter,Vince,2003,East,NBA
cartevi01,Carter,Vince,2002,East,NBA
cartevi01,Carter,Vince,2001,East,NBA
cartevi01,Carter,Vince,2000,East,NBA
cartevi01,Carter,Vince,1999,East,NBA
cartevi01,Carter,Vince,2004,East,NBA
cartevi01,Carter,Vince,2005,East,NBA
cartevi01,Carter,Vince,2006,East,NBA
cartwbi01,Cartwright,Bill,1979,East,NBA
cassesa01,Cassell,Sam,2003,West,NBA
cebalce01,Ceballos,Cedric,1994,West,NBA
chambto01,Chambers,Tom,1990,West,NBA
chambto01,Chambers,Tom,1989,West,NBA
chambto01,Chambers,Tom,1988,West,NBA
chambto01,Chambers,Tom,1986,West,NBA
chambwi01,Chamberlain,Wilt,1972,West,NBA
chambwi01,Chamberlain,Wilt,1971,West,NBA
chambwi01,Chamberlain,Wilt,1970,West,NBA
chambwi01,Chamberlain,Wilt,1968,West,NBA
chambwi01,Chamberlain,Wilt,1967,East,NBA
chambwi01,Chamberlain,Wilt,1966,East,NBA
chambwi01,Chamberlain,Wilt,1965,East,NBA
chambwi01,Chamberlain,Wilt,1961,East,NBA
chambwi01,Chamberlain,Wilt,1960,East,NBA
chambwi01,Chamberlain,Wilt,1959,East,NBA
chambwi01,Chamberlain,Wilt,1964,West,NBA
chambwi01,Chamberlain,Wilt,1963,West,NBA
chambwi01,Chamberlain,Wilt,1962,West,NBA
chapple01,Chappell,Len,1963,East,NBA
cheekma01,Cheeks,Maurice,1986,East,NBA
cheekma01,Cheeks,Maurice,1985,East,NBA
cheekma01,Cheeks,Maurice,1982,East,NBA
cheekma01,Cheeks,Maurcie,1987,East,NBA
cheniph01,Chenier,Phil,1973,East,NBA
cheniph01,Chenier,Phil,1976,East,NBA
cheniph01,Chenier,Phil,1974,East,NBA
clarkar01,Clark,Archie,1971,East,NBA
clarkar01,Clark,Archie,1967,West,NBA
cliftna01,Clifton,Nat,1956,East,NBA
colemde01,Coleman,Derrick,1993,East,NBA
colemja01,Coleman,Jack,1954,West,NBA
collido01,Collins,Doug,1977,East,NBA
collido01,Collins,Doug,1978,East,NBA
collido01,Collins,Doug,1976,East,NBA
collido01,Collins,Doug,1975,East,NBA
costela01,Costello,Larry,1964,East,NBA
costela01,Costello,Larry,1961,East,NBA
costela01,Costello,Larry,1960,East,NBA
costela01,Costello,Larry,1959,East,NBA
costela01,Costello,Larry,1958,East,NBA
costela01,Costello,Larry,1957,East,NBA
cousybo01,Cousy,Bob,1950,East,NBA
cousybo01,Cousy,Bob,1962,East,NBA
cousybo01,Cousy,Bob,1961,East,NBA
cousybo01,Cousy,Bob,1960,East,NBA
cousybo01,Cousy,Bob,1959,East,NBA
cousybo01,Cousy,Bob,1958,East,NBA
cousybo01,Cousy,Bob,1957,East,NBA
cousybo01,Cousy,Bob,1956,East,NBA
cousybo01,Cousy,Bob,1955,East,NBA
cousybo01,Cousy,Bob,1954,East,NBA
cousybo01,Cousy,Bob,1953,East,NBA
cousybo01,Cousy,Bob,1952,East,NBA
cousybo01,Cousy,Bob,1951,East,NBA
cowenda01,Cowens,Dave,1977,East,NBA
cowenda01,Cowens,Dave,1976,East,NBA
cowenda01,Cowens,Dave,1975,East,NBA
cowenda01,Cowens,Dave,1974,East,NBA
cowenda01,Cowens,Dave,1973,East,NBA
cowenda01,Cowens,Dave,1972,East,NBA
cowenda01,Cowens,Dave,1971,East,NBA
cummite01,Cummings,Terry,1988,East,NBA
cummite01,Cummings,Terry,1984,East,NBA
cunnibi01,Cunningham,Billy,1971,East,NBA
cunnibi01,Cunningham,Billy,1970,East,NBA
cunnibi01,Cunningham,Billy,1969,East,NBA
cunnibi01,Cunningham,Billy,1968,East,NBA
dandrbo01,Dandridge,Bob,1975,West,NBA
dandrbo01,Dandridge,Bob,1974,West,NBA
dandrbo01,Dandridge,Bob,1972,West,NBA
dandrbo01,Dandridge,Bob,1978,East,NBA
dantlad01,Dantley,Adrian,1985,West,NBA
dantlad01,Dantley,Adrian,1984,West,NBA
dantlad01,Dantley,Adrian,1983,West,NBA
dantlad01,Dantley,Adrian,1980,West,NBA
dantlad01,Dantley,Adrian,1979,West,NBA
dantlad01,Dantley,Adrian,1981,West,NBA
daughbr01,Daugherty,Brad,1992,East,NBA
daughbr01,Daugherty,Brad,1991,East,NBA
daughbr01,Daugherty,Brad,1990,East,NBA
daughbr01,Daugherty,Brad,1988,East,NBA
daughbr01,Daugherty,Brad,1987,East,NBA
daviebo01,Davies,Bob,1950,West,NBA
daviebo01,Davies,Bob,1953,West,NBA
daviebo01,Davies,Bob,1952,West,NBA
daviebo01,Davies,Bob,1951,West,NBA
davisan01,Davis,Antonio,2000,East,NBA
davisba01,Davis,Baron,2001,East,NBA
davisba01,Davis,Baron,2003,East,NBA
davisda01,Davis,Dale,1999,East,NBA
daviswa03,Davis,Walter,1980,West,NBA
daviswa03,Davis,Walter,1979,West,NBA
daviswa03,Davis,Walter,1978,West,NBA
daviswa03,Davis,Walter,1977,West,NBA
daviswa03,Davis,Walter,1986,West,NBA
daviswa03,Davis,Walter,1983,West,NBA
debusda01,DeBusschere,Dave,1967,East,NBA
debusda01,DeBusschere,Dave,1966,West,NBA
debusda01,DeBusschere,Dave,1965,West,NBA
debusda01,DeBusschere,Dave,1973,East,NBA
debusda01,DeBusschere,Dave,1972,East,NBA
debusda01,DeBusschere,Dave,1971,East,NBA
debusda01,DeBusschere,Dave,1970,East,NBA
debusda01,DeBusschere,Dave,1969,East,NBA
dischte01,Dischinger,Terry,1963,West,NBA
dischte01,Dischinger,Terry,1962,West,NBA
dischte01,Dischinger,Terry,1964,West,NBA
divacvl01,Divac,Vlade,2000,West,NBA
donalja01,Donaldson,James,1987,West,NBA
drewjo01,Drew,John,1979,East,NBA
drewjo01,Drew,John,1975,East,NBA
drexlcl01,Drexler,Clyde,1996,West,NBA
drexlcl01,Drexler,Clyde,1995,West,NBA
drexlcl01,Drexler,Clyde,1993,West,NBA
drexlcl01,Drexler,Clyde,1992,West,NBA
drexlcl01,Drexler,Clyde,1991,West,NBA
drexlcl01,Drexler,Clyde,1990,West,NBA
drexlcl01,Drexler,Clyde,1989,West,NBA
drexlcl01,Drexler,Clyde,1988,West,NBA
drexlcl01,Drexler,Clyde,1987,West,NBA
drexlcl01,Drexler,Clyde,1985,West,NBA
duckwke01,Duckworth,Kevin,1990,West,NBA
duckwke01,Duckworth,Kevin,1988,West,NBA
dukeswa01,Dukes,Walter,1960,West,NBA
dukeswa01,Dukes,Walter,1959,West,NBA
dumarjo01,Dumars,Joe,1996,East,NBA
dumarjo01,Dumars,Joe,1994,East,NBA
dumarjo01,Dumars,Joe,1992,East,NBA
dumarjo01,Dumars,Joe,1991,East,NBA
dumarjo01,Dumars,Joe,1990,East,NBA
dumarjo01,Dumars,Joe,1989,East,NBA
duncati01,Duncan,Tim,2003,West,NBA
duncati01,Duncan,Tim,2002,West,NBA
duncati01,Duncan,Tim,2001,West,NBA
duncati01,Duncan,Tim,2000,West,NBA
duncati01,Duncan,Tim,1999,West,NBA
duncati01,Duncan,Tim,1997,West,NBA
duncati01,Duncan,Tim,2009,West,NBA
duncati01,Duncan,Tim,2008,West,NBA
duncati01,Duncan,Tim,2007,West,NBA
duncati01,Duncan,Tim,2005,West,NBA
duncati01,Duncan,Tim,2004,West,NBA
duncati01,Duncan,Tim,2006,West,NBA
duranke01,Durant,Kevin,2009,West,NBA
eatonma01,Eaton,Mark,1988,West,NBA
eddleth01,Eddleman,Dike,1951,West,NBA
eddleth01,Eddleman,Dike,1950,West,NBA
elliose01,Elliot,Sean,1992,West,NBA
elliose01,Elliott,Sean,1995,West,NBA
ellisda01,Ellis,Dale,1988,West,NBA
embrywa01,Embry,Wayne,1964,East,NBA
embrywa01,Embry,Wayne,1963,East,NBA
embrywa01,Embry,Wayne,1962,East,NBA
embrywa01,Embry,Wayne,1961,West,NBA
embrywa01,Embry,Wayne,1960,West,NBA
englial01,English,Alex,1988,West,NBA
englial01,English,Alex,1987,West,NBA
englial01,English,Alex,1986,West,NBA
englial01,English,Alex,1985,West,NBA
englial01,English,Alex,1984,West,NBA
englial01,English,Alex,1983,West,NBA
englial01,English,Alex,1982,West,NBA
englial01,English,Alex,1981,West,NBA
ervinju01,Erving,Julius,1980,East,NBA
ervinju01,Erving,Julius,1986,East,NBA
ervinju01,Erving,Julius,1985,East,NBA
ervinju01,Erving,Julius,1984,East,NBA
ervinju01,Erving,Julius,1983,East,NBA
ervinju01,Erving,Julius,1982,East,NBA
ervinju01,Erving,Julius,1979,East,NBA
ervinju01,Erving,Julius,1978,East,NBA
ervinju01,Erving,Julius,1977,East,NBA
ervinju01,Erving,Julius,1976,East,NBA
ervinju01,Erving,Julius,1981,East,NBA
ewingpa01,Ewing,Patrick,1996,East,NBA
ewingpa01,Ewing,Patrick,1995,East,NBA
ewingpa01,Ewing,Patrick,1994,East,NBA
ewingpa01,Ewing,Patrick,1993,East,NBA
ewingpa01,Ewing,Patrick,1992,East,NBA
ewingpa01,Ewing,Patrick,1991,East,NBA
ewingpa01,Ewing,Patrick,1990,East,NBA
ewingpa01,Ewing,Patrick,1989,East,NBA
ewingpa01,Ewing,Patrick,1988,East,NBA
ewingpa01,Ewing,Patrick,1987,East,NBA
ewingpa01,Ewing,Patrick,1985,East,NBA
felixra01,Felix,Ray,1953,East,NBA
finlemi01,Finley,Michael,2000,West,NBA
finlemi01,Finley,Michael,1999,West,NBA
floyder01,Floyd,Eric,1986,West,NBA
foustla01,Foust,Larry,1950,West,NBA
foustla01,Foust,Larry,1955,West,NBA
foustla01,Foust,Larry,1954,West,NBA
foustla01,Foust,Larry,1953,West,NBA
foustla01,Foust,Larry,1952,West,NBA
foustla01,Foust,Larry,1951,West,NBA
foustla01,Foust,Larry,1958,West,NBA
foustla01,Foust,Larry,1957,West,NBA
francst01,Francis,Steve,2003,West,NBA
francst01,Francis,Steve,2002,West,NBA
francst01,Francis,Steve,2001,West,NBA
fraziwa01,Frazier,Walt,1975,East,NBA
fraziwa01,Frazier,Walt,1974,East,NBA
fraziwa01,Frazier,Walt,1973,East,NBA
fraziwa01,Frazier,Walt,1972,East,NBA
fraziwa01,Frazier,Walt,1971,East,NBA
fraziwa01,Frazier,Walt,1970,East,NBA
fraziwa01,Frazier,Walt,1969,East,NBA
freewo01,Free,Lloyd,1979,West,NBA
fulksjo01,Fulks,Joe,1950,East,NBA
fulksjo01,Fulks,Joe,1951,East,NBA
gaborbi01,Gabor,Billy,1952,East,NBA
gallaha01,Gallatin,Harry,1950,East,NBA
gallaha01,Gallatin,Harry,1956,East,NBA
gallaha01,Gallatin,Harry,1955,East,NBA
gallaha01,Gallatin,Harry,1954,East,NBA
gallaha01,Gallatin,Harry,1953,East,NBA
gallaha01,Gallatin,Harry,1952,East,NBA
gallaha01,Gallatin,Harry,1951,East,NBA
garmadi01,Garmaker,Dick,1959,West,NBA
garmadi01,Garmaker,Dick,1958,West,NBA
garmadi01,Garmaker,Dick,1957,West,NBA
garmadi01,Garmaker,Dick,1956,West,NBA
garneke01,Garnett,Kevin,2003,West,NBA
garneke01,Garnett,Kevin,2002,West,NBA
garneke01,Garnett,Kevin,2001,West,NBA
garneke01,Garnett,Kevin,2000,West,NBA
garneke01,Garnett,Kevin,1999,West,NBA
garneke01,Garnett,Kevin,1997,West,NBA
garneke01,Garnett,Kevin,1996,West,NBA
garneke01,Garnett,Kevin,2009,East,NBA
garneke01,Garnett,Kevin,2008,East,NBA
garneke01,Garnett,Kevin,2005,West,NBA
garneke01,Garnett,Kevin,2006,West,NBA
garneke01,Garnett,Kevin,2004,West,NBA
gasolpa01,Gasol,Pau,2005,West,NBA
gasolpa01,Gasol,Pau,2008,West,NBA
gasolpa01,Gasol,Pau,2009,West,NBA
gatlich01,Gatling,Chris,1996,West,NBA
georgja01,George,Jack,1956,East,NBA
georgja01,George,Jack,1955,East,NBA
gervige01,Gervin,George,1984,West,NBA
gervige01,Gervin,George,1983,West,NBA
gervige01,Gervin,George,1982,West,NBA
gervige01,Gervin,George,1980,West,NBA
gervige01,Gervin,George,1979,East,NBA
gervige01,Gervin,George,1978,East,NBA
gervige01,Gervin,George,1977,East,NBA
gervige01,Gervin,George,1976,East,NBA
gervige01,Gervin,George,1981,West,NBA
gilmoar01,Gilmore,Artis,1981,East,NBA
gilmoar01,Gilmore,Artis,1980,East,NBA
gilmoar01,Gilmore,Artis,1978,West,NBA
gilmoar01,Gilmore,Artis,1977,West,NBA
gilmoar01,Gilmore,Artis,1985,West,NBA
gilmoar01,Gilmore,Artis,1982,West,NBA
ginobma01,Ginobili,Manu,2004,West,NBA
golato01,Gola,Tom,1963,East,NBA
golato01,Gola,Tom,1962,East,NBA
golato01,Gola,Tom,1961,East,NBA
golato01,Gola,Tom,1960,East,NBA
golato01,Gola,Tom,1959,East,NBA
goodrga01,Goodrich,Gail,1974,West,NBA
goodrga01,Goodrich,Gail,1973,West,NBA
goodrga01,Goodrich,Gail,1972,West,NBA
goodrga01,Goodrich,Gail,1971,West,NBA
goodrga01,Goodrich,Gail,1968,West,NBA
grangda01,Granger,Danny,2008,East,NBA
grantho01,Grant,Horace,1993,East,NBA
greenac01,Green,A.C.,1989,West,NBA
greenjo01,Green,Johnny,1970,East,NBA
greenjo01,Green,John,1964,East,NBA
greenjo01,Green,John,1962,East,NBA
greenjo01,Green,John,1961,East,NBA
greenri01,Green,Rickey,1983,West,NBA
greerha01,Greer,Hal,1969,East,NBA
greerha01,Greer,Hal,1968,East,NBA
greerha01,Greer,Hal,1967,East,NBA
greerha01,Greer,Hal,1966,East,NBA
greerha01,Greer,Hal,1965,East,NBA
greerha01,Greer,Hal,1964,East,NBA
greerha01,Greer,Hal,1963,East,NBA
greerha01,Greer,Hal,1962,East,NBA
greerha01,Greer,Hal,1961,East,NBA
greerha01,Greer,Hal,1960,East,NBA
grozaal01,Groza,Alex,1950,West,NBA
gueriri01,Guerin,Richie,1962,East,NBA
gueriri01,Guerin,Richie,1961,East,NBA
gueriri01,Guerin,Richie,1960,East,NBA
gueriri01,Guerin,Richie,1959,East,NBA
gueriri01,Guerin,Richie,1958,East,NBA
gueriri01,Guerin,Richie,1957,East,NBA
guglito01,Gugliotta,Tom,1996,West,NBA
hagancl01,Hagan,Cliff,1961,West,NBA
hagancl01,Hagan,Cliff,1960,West,NBA
hagancl01,Hagan,Cliff,1959,West,NBA
hagancl01,Hagan,Cliff,1958,West,NBA
hagancl01,Hagan,Cliff,1957,West,NBA
hamilri01,Hamilton,Richard,2005,East,NBA
hamilri01,Hamilton,Richard,2006,East,NBA
hamilri01,Hamilton,Richard,2007,East,NBA
hardaan01,Hardaway,Anfernee,1996,East,NBA
hardaan01,Hardaway,Anfernee,1997,East,NBA
hardaan01,Hardaway,Anfernee,1995,East,NBA
hardaan01,Hardaway,Anfernee,1994,East,NBA
hardati01,Hardaway,Tim,1991,West,NBA
hardati01,Hardaway,Tim,1990,West,NBA
hardati01,Hardaway,Tim,1997,East,NBA
hardati01,Hardaway,Tim,1996,East,NBA
hardati01,Hardaway,Tim,1992,West,NBA
harribo02,Harrison,Bob,1955,West,NBA
harride01,Harris,Devin,2008,East,NBA
havlijo01,Havlicek,John,1977,East,NBA
havlijo01,Havlicek,John,1976,East,NBA
havlijo01,Havlicek,John,1975,East,NBA
havlijo01,Havlicek,John,1974,East,NBA
havlijo01,Havlicek,John,1973,East,NBA
havlijo01,Havlicek,John,1972,East,NBA
havlijo01,Havlicek,John,1971,East,NBA
havlijo01,Havlicek,John,1970,East,NBA
havlijo01,Havlicek,John,1969,East,NBA
havlijo01,Havlicek,John,1968,East,NBA
havlijo01,Havlicek,John,1967,East,NBA
havlijo01,Havlicek,John,1966,East,NBA
havlijo01,Havlicek,John,1965,East,NBA
hawkico01,Hawkins,Connie,1972,West,NBA
hawkico01,Hawkins,Connie,1971,West,NBA
hawkico01,Hawkins,Connie,1970,West,NBA
hawkico01,Hawkins,Connie,1969,West,NBA
hawkihe01,Hawkins,Hersey,1990,East,NBA
hayesel01,Hayes,Elvin,1972,East,NBA
hayesel01,Hayes,Elvin,1973,East,NBA
hayesel01,Hayes,Elvin,1971,West,NBA
hayesel01,Hayes,Elvin,1970,West,NBA
hayesel01,Hayes,Elvin,1969,West,NBA
hayesel01,Hayes,Elvin,1968,West,NBA
hayesel01,Hayes,Elvin,1979,East,NBA
hayesel01,Hayes,Elvin,1978,East,NBA
hayesel01,Hayes,Elvin,1977,East,NBA
hayesel01,Hayes,Elvin,1976,East,NBA
hayesel01,Hayes,Elvin,1975,East,NBA
hayesel01,Hayes,Elvin,1974,East,NBA
haywosp01,Haywood,Spencer,1974,West,NBA
haywosp01,Haywood,Spencer,1973,West,NBA
haywosp01,Haywood,Spencer,1972,West,NBA
haywosp01,Haywood,Spencer,1971,West,NBA
hazzawa01,Hazzard,Walt,1967,West,NBA
heinsto01,Heinsohm,Tom,1960,East,NBA
heinsto01,Heinsohn,Tom,1964,East,NBA
heinsto01,Heinsohn,Tom,1963,East,NBA
heinsto01,Heinsohn,Tom,1962,East,NBA
heinsto01,Heinsohn,Tom,1961,East,NBA
heinsto01,Heinsohn,Tom,1956,East,NBA
hillgr01,Hill,Grant,2000,East,NBA
hillgr01,Hill,Grant,1999,East,NBA
hillgr01,Hill,Grant,1997,East,NBA
hillgr01,Hill,Grant,1996,East,NBA
hillgr01,Hill,Grant,1995,East,NBA
hillgr01,Hill,Grant,1994,East,NBA
hillgr01,Hill,Grant,2004,East,NBA
hillty01,Hill,Tyrone,1994,East,NBA
hollili01,Hollins,Lionel,1977,West,NBA
horfoal01,Horford,Al,2009,East,NBA
hornaje01,Hornacek,Jeff,1991,West,NBA
houstal01,Houston,Allan,2000,East,NBA
houstal01,Houston,Allan,1999,East,NBA
howardw01,Howard,Dwight,2009,East,NBA
howardw01,Howard,Dwight,2008,East,NBA
howardw01,Howard,Dwight,2006,East,NBA
howardw01,Howard,Dwight,2007,East,NBA
howarjo01,Howard,Josh,2006,West,NBA
howarju01,Howard,Juwan,1995,East,NBA
howelba01,Howell,Bailey,1965,West,NBA
howelba01,Howell,Bailey,1966,East,NBA
howelba01,Howell,Bailey,1963,West,NBA
howelba01,Howell,Bailey,1962,West,NBA
howelba01,Howell,Bailey,1961,West,NBA
howelba01,Howell,Bailey,1960,West,NBA
hudsolo01,Hudson,Lou,1973,East,NBA
hudsolo01,Hudson,Lou,1972,East,NBA
hudsolo01,Hudson,Lou,1971,East,NBA
hudsolo01,Hudson,Lou,1970,East,NBA
hudsolo01,Hudson,Lou,1969,West,NBA
hudsolo01,Hudson,Lou,1968,West,NBA
hundlro01,Hundley,Ron,1959,West,NBA
hundlro01,Hundley,Rod,1960,West,NBA
hutchme01,Hutchins,Mel,1956,West,NBA
hutchme01,Hutchins,Mel,1955,West,NBA
hutchme01,Hutchins,Mel,1953,West,NBA
hutchme01,Hutchins,Mel,1952,West,NBA
ilgauzy01,Ilgauskas,Zydrunas,2002,East,NBA
ilgauzy01,Ilgauskas,Zydrunas,2004,East,NBA
imhofda01,Imhoff,Darrall,1966,West,NBA
isselda01,Issel,Dan,1976,West,NBA
iversal01,Iverson,Allen,2008,East,NBA
iversal01,Iverson,Allen,2003,East,NBA
iversal01,Iverson,Allen,2002,East,NBA
iversal01,Iverson,Allen,2001,East,NBA
iversal01,Iverson,Allen,2000,East,NBA
iversal01,Iverson,Allen,1999,East,NBA
iversal01,Iverson,Allen,2005,East,NBA
iversal01,Iverson,Allen,2004,East,NBA
iversal01,Iverson,Allen,2007,West,NBA
jackslu01,Jackson,Lucious,1964,East,NBA
jacksma01,Jackson,Mark,1988,East,NBA
jamesle01,James,LeBron,2008,East,NBA
jamesle01,James,LeBron,2009,East,NBA
jamesle01,James,LeBron,2007,East,NBA
jamesle01,James,LeBron,2005,East,NBA
jamesle01,James,LeBron,2004,East,NBA
jamesle01,James,LeBron,2006,East,NBA
jamisan01,Jamison,Antawn,2004,East,NBA
jamisan01,Jamison,Antawn,2007,East,NBA
johnsde01,Johnson,Dennis,1981,West,NBA
johnsde01,Johnson,Dennis,1984,East,NBA
johnsde01,Johnson,Dennis,1980,West,NBA
johnsde01,Johnson,Dennis,1979,West,NBA
johnsde01,Johnson,Dennis,1978,West,NBA
johnsed02,Johnson,Eddie,1980,East,NBA
johnsed02,Johnson,Eddie,1979,East,NBA
johnsgu01,Johnson,Gus,1970,East,NBA
johnsgu01,Johnson,Gus,1969,East,NBA
johnsgu01,Johnson,Gus,1968,East,NBA
johnsgu01,Johnson,Gus,1967,East,NBA
johnsgu01,Johnson,Gus,1964,West,NBA
johnsjo01,Johnson,John,1971,East,NBA
johnsjo01,Johnson,John,1970,East,NBA
johnsjo02,Johnson,Joe,2009,East,NBA
johnsjo02,Johnson,Joe,2008,East,NBA
johnsjo02,Johnson,Joe,2007,East,NBA
johnsjo02,Johnson,Joe,2006,East,NBA
johnske01,Johnson,Kevin,1993,West,NBA
johnske01,Johnson,Kevin,1990,West,NBA
johnske01,Johnson,Kevin,1989,West,NBA
johnsla01,Johnson,Larry,1994,East,NBA
johnsla01,Johnson,Larry,1992,East,NBA
johnsma01,Johnson,Magic,1988,West,NBA
johnsma01,Johnson,Marques,1979,West,NBA
johnsma01,Johnson,Marques,1978,West,NBA
johnsma01,Johnson,Magic,1991,West,NBA
johnsma01,Johnson,Magic,1990,West,NBA
johnsma01,Johnson,Magic,1989,West,NBA
johnsma01,Johnson,Magic,1987,West,NBA
johnsma01,Johnson,Magic,1986,West,NBA
johnsma01,Johnson,Magic,1985,West,NBA
johnsma01,Johnson,Magic,1984,West,NBA
johnsma01,Johnson,Magic,1983,West,NBA
johnsma01,Johnson,Magic,1982,West,NBA
johnsma01,Johnson,Magic,1979,West,NBA
johnsma01,Johnson,Magic,1981,West,NBA
johnsma02,Johnson,Marques,1985,West,NBA
johnsma02,Johnson,Marques,1982,East,NBA
johnsma02,Johnson,Marques,1980,East,NBA
johnsne02,Johnston,Neil,1957,East,NBA
johnsne02,Johnston,Neil,1956,East,NBA
johnsne02,Johnston,Neil,1955,East,NBA
johnsne02,Johnston,Neil,1954,East,NBA
johnsne02,Johnston,Neil,1953,East,NBA
johnsne02,Johnston,Neil,1952,East,NBA
jonesbo01,Jones,Bobby,1977,West,NBA
jonesbo01,Jones,Bobby,1976,West,NBA
jonesbo01,Jones,Bobby,1980,East,NBA
jonesbo01,Jones,Bobby,1981,East,NBA
jonesed01,Jones,Eddie,1999,East,NBA
jonesed01,Jones,Eddie,1997,West,NBA
jonesed01,Jones,Eddie,1996,West,NBA
jonessa01,Jones,Sam,1967,East,NBA
jonessa01,Jones,Sam,1965,East,NBA
jonessa01,Jones,Sam,1964,East,NBA
jonessa01,Jones,Sam,1963,East,NBA
jonessa01,Jones,Sam,1961,East,NBA
jordami01,Jordan,Michael,1997,East,NBA
jordami01,Jordan,Michael,1996,East,NBA
jordami01,Jordan,Michael,1995,East,NBA
jordami01,Jordan,Michael,1992,East,NBA
jordami01,Jordan,Michael,1991,East,NBA
jordami01,Jordan,Michael,1990,East,NBA
jordami01,Jordan,Michael,1989,East,NBA
jordami01,Jordan,Michael,1988,East,NBA
jordami01,Jordan,Michael,1987,East,NBA
jordami01,Jordan,Michael,1986,East,NBA
jordami01,Jordan,Michael,1985,East,NBA
jordami01,Jordan,Michael,1984,East,NBA
jordami01,Jordan,Michael,2002,East,NBA
jordami01,Jordan,Michael,2001,East,NBA
kamanch01,Kaman,Chris,2009,West,NBA
kauffbo01,Kauffman,Bob,1972,East,NBA
kauffbo01,Kauffman,Bob,1971,East,NBA
kauffbo01,Kauffman,Bob,1970,East,NBA
kempsh01,Kemp,Shawn,1997,East,NBA
kempsh01,Kemp,Shawn,1996,West,NBA
kempsh01,Kemp,Shawn,1995,West,NBA
kempsh01,Kemp,Shawn,1994,West,NBA
kempsh01,Kemp,Shawn,1993,West,NBA
kempsh01,Kemp,Shawn,1992,West,NBA
kenonla01,Kenon,Larry,1978,East,NBA
kenonla01,Kenon,Larry,1977,East,NBA
kerrjo01,Kerr,John,1962,East,NBA
kerrjo01,Kerr,John,1958,East,NBA
kerrjo01,Kerr,John,1955,East,NBA
kiddja01,Kidd,Jason,2009,West,NBA
kiddja01,Kidd,Jason,1995,West,NBA
kiddja01,Kidd,Jason,2003,East,NBA
kiddja01,Kidd,Jason,2002,East,NBA
kiddja01,Kidd,Jason,2001,East,NBA
kiddja01,Kidd,Jason,2000,West,NBA
kiddja01,Kidd,Jason,1999,West,NBA
kiddja01,Kidd,Jason,1997,West,NBA
kiddja01,Kidd,Jason,2007,East,NBA
kingbe01,King,Bernard,1981,West,NBA
kingbe01,King,Bernard,1984,East,NBA
kingbe01,King,Bernard,1983,East,NBA
kingbe01,King,Bernard,1990,East,NBA
kingji01,King,Jim,1967,West,NBA
kirilan01,Kirilenko,Andrei,2003,West,NBA
knighbi01,Knight,Billy,1976,West,NBA
kojisdo01,Kojis,Don,1968,West,NBA
kojisdo01,Kojis,Don,1967,West,NBA
laceysa01,Lacey,Sam,1974,West,NBA
laettch01,Laettner,Christian,1996,East,NBA
laimbbi01,Laimbeer,Bill,1986,East,NBA
laimbbi01,Laimbeer,Bill,1984,East,NBA
laimbbi01,Laimbeer,Bill,1983,East,NBA
laimbbi01,Laimbeer,Bill,1982,East,NBA
laniebo01,Lanier,Bob,1978,East,NBA
laniebo01,Lanier,Bob,1977,West,NBA
laniebo01,Lanier,Bob,1976,West,NBA
laniebo01,Lanier,Bob,1974,West,NBA
laniebo01,Lanier,Bob,1973,West,NBA
laniebo01,Lanier,Bob,1972,West,NBA
laniebo01,Lanier,Bob,1971,West,NBA
laniebo01,Lanier,Bob,1981,East,NBA
larusru01,LaRusso,Rudy,1965,West,NBA
larusru01,LaRusso,Rudy,1962,West,NBA
larusru01,LaRusso,Rudy,1961,West,NBA
larusru01,LaRusso,Rudy,1968,West,NBA
larusru01,LaRusso,Rudy,1967,West,NBA
leecl01,Lee,Clyde,1967,West,NBA
leeda02,Lee,David,2009,East,NBA
leverla01,Lever,Lafayette,1989,West,NBA
leverla01,Lever,Lafayette,1987,West,NBA
lewisra01,Lewis,Rashard,2008,East,NBA
lewisra01,Lewis,Rashard,2004,West,NBA
lewisre01,Lewis,Reggie,1991,East,NBA
lovebo01,Love,Bob,1972,West,NBA
lovebo01,Love,Bob,1971,West,NBA
lovebo01,Love,Bob,1970,West,NBA
lovelcl01,Lovellette,Clyde,1955,West,NBA
lovelcl01,Lovellette,Clyde,1960,West,NBA
lovelcl01,Lovellette,Clyde,1959,West,NBA
lucasje01,Lucas,Jerry,1968,East,NBA
lucasje01,Lucas,Jerry,1967,East,NBA
lucasje01,Lucas,Jerry,1966,East,NBA
lucasje01,Lucas,Jerry,1965,East,NBA
lucasje01,Lucas,Jerry,1964,East,NBA
lucasje01,Lucas,Jerry,1963,East,NBA
lucasje01,Lucas,Jerry,1970,West,NBA
lucasma01,Lucas,Maurice,1982,West,NBA
lucasma01,Lucas,Maurice,1978,West,NBA
lucasma01,Lucas,Maurice,1977,West,NBA
lucasma01,Lucas,Maurice,1976,West,NBA
macaued01,Macauley,Ed,1950,East,NBA
macaued01,Macauley,Ed,1955,East,NBA
macaued01,Macauley,Ed,1954,East,NBA
macaued01,Macauley,Ed,1953,East,NBA
macaued01,Macauley,Ed,1952,East,NBA
macaued01,Macauley,Ed,1951,East,NBA
macaued01,Macauley,Ed,1956,West,NBA
magloja01,Magloire,Jamaal,2003,East,NBA
majerda01,Majerle,Dan,1994,West,NBA
majerda01,Majerle,Dan,1993,West,NBA
majerda01,Majerle,Dan,1992,West,NBA
majerda01,Majerle,Dan,1991,West,NBA
malonje01,Malone,Jeff,1986,East,NBA
malonje01,Malone,Jeff,1985,East,NBA
malonka01,Malone,Karl,2000,West,NBA
malonka01,Malone,Karl,1999,West,NBA
malonka01,Malone,Karl,1997,West,NBA
malonka01,Malone,Karl,1996,West,NBA
malonka01,Malone,Karl,1995,West,NBA
malonka01,Malone,Karl,1994,West,NBA
malonka01,Malone,Karl,1993,West,NBA
malonka01,Malone,Karl,1992,West,NBA
malonka01,Malone,Karl,1991,West,NBA
malonka01,Malone,Karl,1990,West,NBA
malonka01,Malone,Karl,1989,West,NBA
malonka01,Malone,Karl,1988,West,NBA
malonka01,Malone,Karl,1987,West,NBA
malonmo01,Malone,Moses,1988,East,NBA
malonmo01,Malone,Moses,1980,West,NBA
malonmo01,Malone,Moses,1979,East,NBA
malonmo01,Malone,Moses,1978,East,NBA
malonmo01,Malone,Moses,1977,East,NBA
malonmo01,Malone,Moses,1985,East,NBA
malonmo01,Malone,Moses,1984,East,NBA
malonmo01,Malone,Moses,1982,East,NBA
malonmo01,Malone,Moses,1987,East,NBA
malonmo01,Malone,Moses,1986,East,NBA
malonmo01,Malone,Moses,1981,West,NBA
mannida01,Manning,Danny,1993,West,NBA
mannida01,Manning,Danny,1992,West,NBA
maravpe02,Maravich,Pete,1973,East,NBA
maravpe02,Maravich,Pete,1972,East,NBA
maravpe02,Maravich,Pete,1978,East,NBA
maravpe02,Maravich,Pete,1977,East,NBA
maravpe02,Maravich,Pete,1976,East,NBA
marbust01,Marbury,Stephon,2000,East,NBA
marbust01,Marbury,Stephon,2002,West,NBA
marinja01,Marin,Jack,1971,East,NBA
marinja01,Marin,Jack,1972,East,NBA
mariosh01,Marion,Shawn,2002,West,NBA
mariosh01,Marion,Shawn,2005,West,NBA
mariosh01,Marion,Shawn,2004,West,NBA
mariosh01,Marion,Shawn,2006,West,NBA
martike01,Martin,Kenyon,2003,East,NBA
martisl01,Martin,Slater,1955,West,NBA
martisl01,Martin,Slater,1954,West,NBA
martisl01,Martin,Slater,1953,West,NBA
martisl01,Martin,Slater,1952,West,NBA
martisl01,Martin,Slater,1958,West,NBA
martisl01,Martin,Slater,1957,West,NBA
martisl01,Martin,Slater,1956,West,NBA
mashbja01,Mashburn,Jamal,2002,East,NBA
masonan01,Mason,Anthony,2000,East,NBA
mcadobo01,McAdoo,Bob,1976,East,NBA
mcadobo01,McAdoo,Bob,1975,East,NBA
mcadobo01,McAdoo,Bob,1974,East,NBA
mcadobo01,McAdoo,Bob,1973,East,NBA
mcadobo01,McAdoo,Bob,1977,East,NBA
mcdanxa01,McDaniel,Xavier,1987,West,NBA
mcdyean01,McDyess,Antonio,2000,West,NBA
mcginge01,McGinnis,George,1978,West,NBA
mcginge01,McGinnis,George,1976,East,NBA
mcginge01,McGinnis,George,1975,East,NBA
mcglojo01,McGlocklin,Jon,1968,East,NBA
mcgratr01,McGrady,Tracy,2003,East,NBA
mcgratr01,McGrady,Tracy,2002,East,NBA
mcgratr01,McGrady,Tracy,2001,East,NBA
mcgratr01,McGrady,Tracy,2000,East,NBA
mcgratr01,McGrady,Tracy,2006,West,NBA
mcgratr01,McGrady,Tracy,2004,West,NBA
mcgratr01,McGrady,Tracy,2005,West,NBA
mcguidi01,McGuire,Dick,1958,West,NBA
mcguidi01,McGuire,Dick,1957,West,NBA
mcguidi01,McGuire,Dick,1950,East,NBA
mcguidi01,McGuire,Dick,1955,East,NBA
mcguidi01,McGuire,Dick,1954,East,NBA
mcguidi01,McGuire,Dick,1953,East,NBA
mcguidi01,McGuire,Dick,1951,East,NBA
mchalke01,McHale,Kevin,1990,East,NBA
mchalke01,McHale,Kevin,1989,East,NBA
mchalke01,McHale,Kevin,1988,East,NBA
mchalke01,McHale,Kevin,1987,East,NBA
mchalke01,McHale,Kevin,1986,East,NBA
mchalke01,McHale,Kevin,1985,East,NBA
mchalke01,McHale,Kevin,1983,East,NBA
meschto01,Meschery,Tom,1962,West,NBA
mikange01,Mikan,George,1950,West,NBA
mikange01,Mikan,George,1953,West,NBA
mikange01,Mikan,George,1952,West,NBA
mikange01,Mikan,George,1951,West,NBA
mikkeve01,Mikkelsen,Vern,1950,West,NBA
mikkeve01,Mikkelsen,Vern,1956,West,NBA
mikkeve01,Mikkelsen,Vern,1955,West,NBA
mikkeve01,Mikkelsen,Vern,1954,West,NBA
mikkeve01,Mikkelsen,Vern,1952,West,NBA
mikkeve01,Mikkelsen,Vern,1951,West,NBA
milesed01,Miles,Eddie,1965,West,NBA
millebr01,Miller,Brad,2002,East,NBA
millebr01,Miller,Brad,2003,West,NBA
millere01,Miller,Reggie,1999,East,NBA
millere01,Miller,Reggie,1997,East,NBA
millere01,Miller,Reggie,1995,East,NBA
millere01,Miller,Reggie,1994,East,NBA
millere01,Miller,Reggie,1989,East,NBA
mingya01,Ming,Yao,2003,West,NBA
mingya01,Ming,Yao,2002,West,NBA
mingya01,Ming,Yao,2008,West,NBA
mingya01,Ming,Yao,2004,West,NBA
mingya01,Ming,Yao,2005,West,NBA
mingya01,Ming,Yao,2007,West,NBA
mitchmi01,Mitchell,Mike,1980,East,NBA
mixst01,Mix,Steve,1974,East,NBA
moncrsi01,Moncrief,Sidney,1984,East,NBA
moncrsi01,Moncrief,Sidney,1983,East,NBA
moncrsi01,Moncrief,Sidney,1982,East,NBA
moncrsi01,Moncrief,Sidney,1985,East,NBA
moncrsi01,Moncrief,Sidney,1981,East,NBA
monroea01,Monroe,Earl,1970,East,NBA
monroea01,Monroe,Earl,1968,East,NBA
monroea01,Monroe,Earl,1976,East,NBA
monroea01,Monroe,Earl,1974,East,NBA
mournal01,Mourning,Alonzo,1994,East,NBA
mournal01,Mourning,Alonzo,1993,East,NBA
mournal01,Mourning,Alonzo,2001,East,NBA
mournal01,Mourning,Alonzo,2000,East,NBA
mournal01,Mourning,Alonzo,1999,East,NBA
mournal01,Mourning,Alonzo,1996,East,NBA
mournal01,Mourning,Alonzo,1995,East,NBA
mullich01,Mullin,Chris,1991,West,NBA
mullich01,Mullin,Chris,1990,West,NBA
mullich01,Mullin,Chris,1989,West,NBA
mullich01,Mullin,Chris,1988,West,NBA
mullich01,Mullin,Chris,1992,West,NBA
mullije01,Mullins,Jeff,1970,West,NBA
mullije01,Mullins,Jeff,1969,West,NBA
mullije01,Mullins,Jeff,1968,West,NBA
murphca01,Murphy,Calvin,1978,East,NBA
mutomdi01,Mutombo,Dikembe,2000,East,NBA
mutomdi01,Mutombo,Dikembe,1999,East,NBA
mutomdi01,Mutombo,Dikembe,1997,East,NBA
mutomdi01,Mutombo,Dikembe,1996,East,NBA
mutomdi01,Mutombo,Dikembe,1995,West,NBA
mutomdi01,Mutombo,Dikembe,1994,West,NBA
mutomdi01,Mutombo,Dikembe,1991,West,NBA
mutomdi01,Mutombo,Dikembe,2001,East,NBA
nancela01,Nance,Larry,1992,East,NBA
nancela01,Nance,Larry,1988,East,NBA
nancela01,Nance,Larry,1984,West,NBA
nashst01,Nash,Steve,2002,West,NBA
nashst01,Nash,Steve,2001,West,NBA
nashst01,Nash,Steve,2009,West,NBA
nashst01,Nash,Steve,2007,West,NBA
nashst01,Nash,Steve,2005,West,NBA
nashst01,Nash,Steve,2004,West,NBA
nattca01,Natt,Calvin,1984,West,NBA
naullwi01,Naulls,Willie,1961,East,NBA
naullwi01,Naulls,Willie,1960,East,NBA
naullwi01,Naulls,Willie,1959,East,NBA
naullwi01,Naulls,Willie,1957,East,NBA
nixonno01,Nixon,Norm,1984,West,NBA
nixonno01,Nixon,Norm,1981,West,NBA
noblech01,Noble,Chuck,1959,West,NBA
nowitdi01,Nowitzki,Dirk,2003,West,NBA
nowitdi01,Nowitzki,Dirk,2002,West,NBA
nowitdi01,Nowitzki,Dirk,2001,West,NBA
nowitdi01,Nowitzki,Dirk,2008,West,NBA
nowitdi01,Nowitzki,Dirk,2009,West,NBA
nowitdi01,Nowitzki,Dirk,2007,West,NBA
nowitdi01,Nowitzki,Dirk,2004,West,NBA
nowitdi01,Nowitzki,Dirk,2005,West,NBA
nowitdi01,Nowitzki,Dirk,2006,West,NBA
oaklech01,Oakley,Charles,1993,East,NBA
ohldo01,Ohl,Don,1966,East,NBA
ohldo01,Ohl,Don,1965,West,NBA
ohldo01,Ohl,Don,1964,West,NBA
ohldo01,Ohl,Don,1963,West,NBA
ohldo01,Ohl,Don,1962,West,NBA
okurme01,Okur,Mehmet,2006,West,NBA
olajuha01,Olajuwon,Hakeem,1996,West,NBA
olajuha01,Olajuwon,Hakeem,1995,West,NBA
olajuha01,Olajuwon,Hakeem,1994,West,NBA
olajuha01,Olajuwon,Hakeem,1993,West,NBA
olajuha01,Olajuwon,Hakeem,1992,West,NBA
olajuha01,Olajuwon,Hakeem,1991,West,NBA
olajuha01,Olajuwon,Hakeem,1989,West,NBA
olajuha01,Olajuwon,Hakeem,1988,West,NBA
olajuha01,Olajuwon,Hakeem,1987,West,NBA
olajuha01,Olajuwon,Hakeem,1986,West,NBA
olajuha01,Olajuwon,Hakeem,1985,West,NBA
olajuha01,Olajuwon,Hakeem,1984,West,NBA
oneaje01,O'Neal,Jermaine,2003,East,NBA
oneaje01,O'Neal,Jermaine,2002,East,NBA
oneaje01,O'Neal,Jermaine,2001,East,NBA
oneaje01,O'Neal,Jermaine,2005,East,NBA
oneaje01,O'Neal,Jermaine,2004,East,NBA
o'neaje01,O'Neal,Jermaine,2006,East,NBA
oneash01,O'Neal,Shaquille,2005,East,NBA
oneash01,O'Neal,Shaquille,2004,East,NBA
oneash01,O'Neal,Shaquille,2008,West,NBA
oneash01,O'Neal,Shaquille,2002,West,NBA
oneash01,O'Neal,Shaquille,2001,West,NBA
oneash01,O'Neal,Shaquille,2000,West,NBA
oneash01,O'Neal,Shaquille,1999,West,NBA
oneash01,O'Neal,Shaquille,1997,West,NBA
oneash01,O'Neal,Shaquille,1996,West,NBA
oneash01,O'Neal,Shaquille,1995,East,NBA
oneash01,O'Neal,Shaquille,1994,East,NBA
oneash01,O'Neal,Shaquille,1993,East,NBA
oneash01,O'Neal,Shaquille,1992,East,NBA
o'neash01,O'Neal,Shaquille,2006,East,NBA
oneash11,O'Neal,Shaquille,2003,West,NBA
parisro01,Parish,Robert,1990,East,NBA
parisro01,Parish,Robert,1989,East,NBA
parisro01,Parish,Robert,1986,East,NBA
parisro01,Parish,Robert,1985,East,NBA
parisro01,Parish,Robert,1984,East,NBA
parisro01,Parish,Robert,1983,East,NBA
parisro01,Parish,Robert,1982,East,NBA
parisro01,Parish,Robert,1980,East,NBA
parisro01,Parish,Robert,1981,East,NBA
parketo01,Parker,Tony,2008,West,NBA
parketo01,Parker,Tony,2006,West,NBA
parketo01,Parker,Tony,2005,West,NBA
paulch01,Paul,Chris,2007,West,NBA
paulch01,Paul,Chris,2008,West,NBA
paxsoji01,Paxson,Jim,1983,West,NBA
paxsoji01,Paxson,Jim,1982,West,NBA
paytoga01,Payton,Gary,2002,West,NBA
paytoga01,Payton,Gary,2001,West,NBA
paytoga01,Payton,Gary,2000,West,NBA
paytoga01,Payton,Gary,1999,West,NBA
paytoga01,Payton,Gary,1997,West,NBA
paytoga01,Payton,Gary,1996,West,NBA
paytoga01,Payton,Gary,1995,West,NBA
paytoga01,Payton,Gary,1994,West,NBA
paytoga01,Payton,Gary,1993,West,NBA
petrige01,Petrie,Geoff,1973,West,NBA
petrige01,Petrie,Geoff,1970,West,NBA
pettibo01,Pettit,Bob,1954,West,NBA
pettibo01,Pettit,Bob,1964,West,NBA
pettibo01,Pettit,Bob,1963,West,NBA
pettibo01,Pettit,Bob,1962,West,NBA
pettibo01,Pettit,Bob,1961,West,NBA
pettibo01,Pettit,Bob,1960,West,NBA
pettibo01,Pettit,Bob,1959,West,NBA
pettibo01,Pettit,Bob,1958,West,NBA
pettibo01,Pettit,Bob,1957,West,NBA
pettibo01,Pettit,Bob,1956,West,NBA
pettibo01,Pettit,Bob,1955,West,NBA
phillan01,Phillip,Andy,1954,West,NBA
phillan01,Phillip,Andy,1953,West,NBA
phillan01,Phillip,Andy,1952,West,NBA
phillan01,Phillip,Andy,1950,East,NBA
phillan01,Phillip,Andy,1951,East,NBA
piercpa01,Pierce,Paul,2009,East,NBA
piercpa01,Pierce,Paul,2008,East,NBA
piercpa01,Pierce,Paul,2003,East,NBA
piercpa01,Pierce,Paul,2002,East,NBA
piercpa01,Pierce,Paul,2001,East,NBA
piercpa01,Pierce,Paul,2007,East,NBA
piercpa01,Pierce,Paul,2004,East,NBA
piercpa01,Pierce,Paul,2005,East,NBA
piercri01,Pierce,Ricky,1990,East,NBA
pippesc01,Pippen,Scottie,1996,East,NBA
pippesc01,Pippen,Scottie,1995,East,NBA
pippesc01,Pippen,Scottie,1994,East,NBA
pippesc01,Pippen,Scottie,1993,East,NBA
pippesc01,Pippen,Scottie,1992,East,NBA
pippesc01,Pippen,Scottie,1991,East,NBA
pippesc01,Pippen,Scottie,1989,East,NBA
pollaji01,Pollard,Jim,1950,West,NBA
pollaji01,Pollard,Jim,1954,West,NBA
pollaji01,Pollard,Jim,1953,West,NBA
pollaji01,Pollard,Jim,1951,West,NBA
portete01,Porter,Terry,1992,West,NBA
portete01,Porter,Terry,1990,West,NBA
priceji01,Price,Jim,1974,West,NBA
pricema01,Price,Mark,1993,East,NBA
pricema01,Price,Mark,1992,East,NBA
pricema01,Price,Mark,1991,East,NBA
pricema01,Price,Mark,1988,East,NBA
randoza01,Randolph,Zach,2009,West,NBA
ratlith01,Ratliff,Theo,2000,East,NBA
reddmi01,Redd,Michael,2003,East,NBA
reedwi01,Reed,Willis,1970,East,NBA
reedwi01,Reed,Willis,1969,East,NBA
reedwi01,Reed,Willis,1968,East,NBA
reedwi01,Reed,Willis,1967,East,NBA
reedwi01,Reed,Willis,1966,East,NBA
reedwi01,Reed,Willis,1965,East,NBA
reedwi01,Reed,Willis,1964,East,NBA
reganri01,Regan,Richie,1956,West,NBA
ricegl01,Rice,Glen,1997,East,NBA
ricegl01,Rice,Glen,1996,East,NBA
ricegl01,Rice,Glen,1995,East,NBA
richami01,Richardson,Michael Ray,1984,East,NBA
richami01,Richardson,Michael Ray,1980,East,NBA
richami01,Richardson,Michael Ray,1979,East,NBA
richami01,Richardson,Micheal Ray,1981,East,NBA
richmmi01,Richmond,Mitch,1997,West,NBA
richmmi01,Richmond,Mitch,1996,West,NBA
richmmi01,Richmond,Mitch,1995,West,NBA
richmmi01,Richmond,Mitch,1994,West,NBA
richmmi01,Richmond,Mitch,1993,West,NBA
richmmi01,Richmond,Mitch,1992,West,NBA
risenar01,Risen,Arnie,1954,West,NBA
risenar01,Risen,Arnie,1953,West,NBA
risenar01,Risen,Arnie,1952,West,NBA
risenar01,Risen,Arnie,1951,West,NBA
riverdo01,Rivers,Glenn,1987,East,NBA
roberal01,Robertson,Alvin,1990,East,NBA
roberal01,Robertson,Alvin,1987,West,NBA
roberal01,Robertson,Alvin,1986,West,NBA
roberal01,Robertson,Alvin,1985,West,NBA
roberos01,Robertson,Oscar,1969,East,NBA
roberos01,Robertson,Oscar,1968,East,NBA
roberos01,Robertson,Oscar,1967,East,NBA
roberos01,Robertson,Oscar,1966,East,NBA
roberos01,Robertson,Oscar,1965,East,NBA
roberos01,Robertson,Oscar,1964,East,NBA
roberos01,Robertson,Oscar,1963,East,NBA
roberos01,Robertson,Oscar,1962,East,NBA
roberos01,Robertson,Oscar,1961,West,NBA
roberos01,Robertson,Oscar,1960,West,NBA
roberos01,Robertson,Oscar,1971,West,NBA
roberos01,Robertson,Oscar,1970,West,NBA
robincl02,Robinson,Clifford,1993,West,NBA
robinda01,Robinson,David,2000,West,NBA
robinda01,Robinson,David,1999,West,NBA
robinda01,Robinson,David,1997,West,NBA
robinda01,Robinson,David,1995,West,NBA
robinda01,Robinson,David,1994,West,NBA
robinda01,Robinson,David,1993,West,NBA
robinda01,Robinson,David,1992,West,NBA
robinda01,Robinson,David,1991,West,NBA
robinda01,Robinson,David,1990,West,NBA
robinda01,Robinson,David,1989,West,NBA
robinfl01,Robinson,Flynn,1969,East,NBA
robingl01,Robinson,Glenn,2000,East,NBA
robingl01,Robinson,Glenn,1999,East,NBA
robintr01,Robinson,Truck,1977,East,NBA
robintr01,Robinson,Leonard,1980,West,NBA
rochare01,Rocha,Red,1950,East,NBA
rochare01,Rocha,Red,1951,East,NBA
rodgegu01,Rodgers,Guy,1966,West,NBA
rodgegu01,Rodgers,Guy,1965,West,NBA
rodgegu01,Rodgers,Guy,1963,West,NBA
rodgegu01,Rodgers,Guy,1962,West,NBA
rodmade01,Rodman,Dennis,1991,East,NBA
rodmade01,Rodman,Dennis,1989,East,NBA
rondora01,Rondo,Rajon,2009,East,NBA
rosede01,Rose,Derrick,2009,East,NBA
roundda01,Roundfield,Dan,1980,East,NBA
roundda01,Roundfield,Dan,1979,East,NBA
rowecu01,Rowe,Curtis,1975,West,NBA
roybr01,Roy,Brandon,2008,West,NBA
roybr01,Roy,Brandon,2007,West,NBA
rulebo01,Rule,Bob,1969,West,NBA
russebi01,Russell,Bill,1968,East,NBA
russebi01,Russell,Bill,1967,East,NBA
russebi01,Russell,Bill,1966,East,NBA
russebi01,Russell,Bill,1965,East,NBA
russebi01,Russell,Bill,1964,East,NBA
russebi01,Russell,Bill,1963,East,NBA
russebi01,Russell,Bill,1962,East,NBA
russebi01,Russell,Bill,1961,East,NBA
russebi01,Russell,Bill,1960,East,NBA
russebi01,Russell,Bill,1959,East,NBA
russebi01,Russell,Bill,1958,East,NBA
russebi01,Russell,Bill,1957,East,NBA
russeca01,Russell,Cazzie,1971,West,NBA
russeca02,Russell,Campy,1978,East,NBA
rutlaje01,Rutland,Jeff,1983,East,NBA
sampsra01,Sampson,Ralph,1986,West,NBA
sampsra01,Sampson,Ralph,1985,West,NBA
sampsra01,Sampson,Ralph,1984,West,NBA
sampsra01,Sampson,Ralph,1983,West,NBA
sauldwo01,Sauldsbery,Woody,1958,East,NBA
schaufr01,Schaus,Fred,1950,West,NBA
schaydo01,Schayes,Dolph,1950,East,NBA
schaydo01,Schayes,Dolph,1961,East,NBA
schaydo01,Schayes,Dolph,1960,East,NBA
schaydo01,Schayes,Dolph,1959,East,NBA
schaydo01,Schayes,Dolph,1958,East,NBA
schaydo01,Schayes,Dolph,1957,East,NBA
schaydo01,Schayes,Dolph,1956,East,NBA
schaydo01,Schayes,Dolph,1955,East,NBA
schaydo01,Schayes,Dolph,1954,East,NBA
schaydo01,Schayes,Dolph,1953,East,NBA
schaydo01,Schayes,Dolph,1952,East,NBA
schaydo01,Schayes,Dolph,1951,East,NBA
schrede01,Schrempf,Detlef,1992,East,NBA
schrede01,Schrempf,Detlef,1996,West,NBA
schrede01,Schrempf,Detlef,1994,West,NBA
scolafr01,Scolari,Fred,1952,East,NBA
scolafr01,Scolari,Fred,1951,East,NBA
scottch01,Scott,Charlie,1974,West,NBA
scottch01,Scott,Charlie,1973,West,NBA
scottch01,Scott,Charlie,1972,West,NBA
searske01,Sears,Ken,1958,East,NBA
searske01,Sears,Ken,1957,East,NBA
selvyfr01,Selvy,Frank,1961,West,NBA
selvyfr01,Selvy,Frank,1954,West,NBA
seymopa01,Seymour,Paul,1954,East,NBA
seymopa01,Seymour,Paul,1953,East,NBA
seymopa01,Seymour,Paul,1952,East,NBA
shaffle01,Shaffer,Lee,1962,East,NBA
sharmbi01,Sharman,Bill,1959,East,NBA
sharmbi01,Sharman,Bill,1958,East,NBA
sharmbi01,Sharman,Bill,1957,East,NBA
sharmbi01,Sharman,Bill,1956,East,NBA
sharmbi01,Sharman,Bill,1955,East,NBA
sharmbi01,Sharman,Bill,1954,East,NBA
sharmbi01,Sharman,Bill,1953,East,NBA
sharmbi01,Sharman,Bill,1952,East,NBA
sheltlo01,Shelton,Lonnie,1981,West,NBA
shuege01,Shue,Gene,1961,West,NBA
shuege01,Shue,Gene,1960,West,NBA
shuege01,Shue,Gene,1959,West,NBA
shuege01,Shue,Gene,1958,West,NBA
shuege01,Shue,Gene,1957,West,NBA
sikmaja01,Sikma,Jack,1984,West,NBA
sikmaja01,Sikma,Jack,1983,West,NBA
sikmaja01,Sikma,Jack,1982,West,NBA
sikmaja01,Sikma,Jack,1980,West,NBA
sikmaja01,Sikma,Jack,1979,West,NBA
sikmaja01,Sikma,Jack,1978,West,NBA
sikmaja01,Sikma,Jack,1981,West,NBA
silaspa01,Silas,Paul,1974,East,NBA
silaspa01,Silas,Paul,1971,West,NBA
sloanje01,Sloan,Jerry,1968,West,NBA
sloanje01,Sloan,Jerry,1966,West,NBA
smithad01,Smith,Adrian,1965,East,NBA
smithph01,Smith,Phil,1976,West,NBA
smithph01,Smith,Phil,1975,West,NBA
smithra01,Smith,Randy,1977,East,NBA
smithra01,Smith,Randy,1975,East,NBA
smithst01,Smith,Steve,1997,East,NBA
smitsri01,Smits,Rick,1997,East,NBA
sprewla01,Sprewell,Latrell,1996,West,NBA
sprewla01,Sprewell,Latrell,1994,West,NBA
sprewla01,Sprewell,Latrell,1993,West,NBA
sprewla01,Sprewell,Latrell,2000,East,NBA
stackje01,Stackhouse,Jerry,2000,East,NBA
stackje01,Stackhouse,Jerry,1999,East,NBA
starkjo01,Starks,John,1993,East,NBA
stockjo01,Stockton,John,1999,West,NBA
stockjo01,Stockton,John,1996,West,NBA
stockjo01,Stockton,John,1995,West,NBA
stockjo01,Stockton,John,1994,West,NBA
stockjo01,Stockton,John,1993,West,NBA
stockjo01,Stockton,John,1992,West,NBA
stockjo01,Stockton,John,1991,West,NBA
stockjo01,Stockton,John,1990,West,NBA
stockjo01,Stockton,John,1989,West,NBA
stockjo01,Stockton,John,1988,West,NBA
stojape01,Stojakovic,Peja,2003,West,NBA
stojape01,Stojakovic,Peja,2002,West,NBA
stojape01,Stojakovic,Peja,2001,West,NBA
stokema01,Stokes,Maurice,1957,West,NBA
stokema01,Stokes,Maurice,1956,West,NBA
stokema01,Stokes,Maurice,1955,West,NBA
stoudam01,Stoudemire,Amare,2008,West,NBA
stoudam01,Stoudemire,Amare,2009,West,NBA
stoudam01,Stoudemire,Amare,2006,West,NBA
stoudam01,Stoudemire,Amare,2004,West,NBA
stoudam01,Stoudemire,Amare,2007,West,NBA
sundedo01,Sunderlage,Don,1953,West,NBA
szczewa01,Szczerbiak,Wally,2001,West,NBA
theusre01,Theus,Reggie,1982,East,NBA
theusre01,Theus,Reggie,1980,East,NBA
thomais01,Thomas,Isiah,1992,East,NBA
thomais01,Thomas,Isiah,1991,East,NBA
thomais01,Thomas,Isiah,1989,East,NBA
thomais01,Thomas,Isiah,1988,East,NBA
thomais01,Thomas,Isiah,1987,East,NBA
thomais01,Thomas,Isiah,1986,East,NBA
thomais01,Thomas,Isiah,1985,East,NBA
thomais01,Thomas,Isiah,1984,East,NBA
thomais01,Thomas,Isiah,1983,East,NBA
thomais01,Thomas,Isiah,1982,East,NBA
thomais01,Thomas,Isiah,1981,East,NBA
thompda01,Thompson,David,1978,West,NBA
thompda01,Thompson,David,1977,West,NBA
thompda01,Thompson,David,1976,West,NBA
thompda01,Thompson,David,1982,West,NBA
thomsda01,Thomspon,David,1982,West,NBA
thorpot01,Thorpe,Otis,1991,West,NBA
thurmna01,Thurmond,Nate,1973,West,NBA
thurmna01,Thurmond,Nate,1972,West,NBA
thurmna01,Thurmond,Nate,1969,West,NBA
thurmna01,Thurmond,Nate,1967,West,NBA
thurmna01,Thurmond,Nate,1966,West,NBA
thurmna01,Thurmond,Nate,1965,West,NBA
thurmna01,Thurmond,Nate,1964,West,NBA
tomjaru01,Tomjanovich,Rudy,1978,East,NBA
tomjaru01,Tomjanovich,Rudy,1976,East,NBA
tomjaru01,Tomjanovich,Rudy,1975,East,NBA
tomjaru01,Tomjanovich,Rudy,1974,East,NBA
tomjaru01,Tomjanovich,Rudy,1973,East,NBA
toneyan01,Toney,Andrew,1983,East,NBA
toneyan01,Toney,Andrew,1982,East,NBA
tripuke01,Tripucka,Kelly,1983,East,NBA
tripuke01,Tripucka,Kelly,1981,East,NBA
twymaja01,Twyman,Jack,1962,East,NBA
twymaja01,Twyman,Jack,1961,West,NBA
twymaja01,Twyman,Jack,1959,West,NBA
twymaja01,Twyman,Jack,1958,West,NBA
twymaja01,Twyman,Jack,1957,West,NBA
twymaja01,Twyman,Jack,1956,West,NBA
unselwe01,Unseld,Wes,1972,East,NBA
unselwe01,Unseld,Wes,1971,East,NBA
unselwe01,Unseld,Wes,1970,East,NBA
unselwe01,Unseld,Wes,1968,East,NBA
unselwe01,Unseld,Wes,1974,East,NBA
vanardi01,Van Arsdale,Dick,1970,West,NBA
vanardi01,Van Arsdale,Dick,1969,West,NBA
vanardi01,Van Arsdale,Dick,1968,West,NBA
vanarto01,Van Arsdale,Tom,1971,East,NBA
vanarto01,Van Arsdale,Tom,1970,East,NBA
vanarto01,Van Arsdale,Tom,1969,East,NBA
vandeki01,Vandeweghe,Kiki,1983,West,NBA
vandeki01,Vandeweghe,Kiki,1982,West,NBA
vanexni01,Van Exel,Nick,1997,West,NBA
vanlino01,Van Lier,Norm,1976,West,NBA
vanlino01,Van Lier,Norm,1975,West,NBA
vanlino01,Van Lier,Norm,1973,West,NBA
wadedw01,Wade,Dwyane,2009,East,NBA
wadedw01,Wade,Dwayne,2008,East,NBA
wadedw01,Wade,Dwyane,2006,East,NBA
wadedw01,Wade,Dwyane,2005,East,NBA
wadedw01,Wade,Dwyane,2004,East,NBA
wadedw01,Wade,Dwyane,2007,East,NBA
walkean01,Walker,Antoine,2002,East,NBA
walkean01,Walker,Antoine,2001,East,NBA
walkean01,Walker,Antoine,1997,East,NBA
walkech01,Walker,Chet,1973,West,NBA
walkech01,Walker,Chet,1972,West,NBA
walkech01,Walker,Chet,1970,West,NBA
walkech01,Walker,Chet,1969,West,NBA
walkech01,Walker,Chet,1966,East,NBA
walkech01,Walker,Chet,1965,East,NBA
walkech01,Walker,Chet,1963,East,NBA
walkeji01,Walker,Jimmy,1971,West,NBA
walkeji01,Walker,Jimmy,1969,East,NBA
wallabe01,Wallace,Ben,2003,East,NBA
wallabe01,Wallace,Ben,2002,East,NBA
wallabe01,Wallace,Ben,2005,East,NBA
wallabe01,Wallace,Ben,2004,East,NBA
wallage01,Wallace,Gerald,2009,East,NBA
wallara01,Wallace,Rasheed,2000,West,NBA
wallara01,Wallace,Rasheed,1999,West,NBA
wallara01,Wallace,Rasheed,2005,East,NBA
wallara01,Wallace,Rasheed,2007,East,NBA
walthpa01,Walther,Paul,1951,West,NBA
waltobi01,Walton,Bill,1977,West,NBA
waltobi01,Walton,Bill,1976,West,NBA
wanzebo01,Wanzer,Bob,1955,West,NBA
wanzebo01,Wanzer,Bob,1954,West,NBA
wanzebo01,Wanzer,Bob,1953,West,NBA
wanzebo01,Wanzer,Bob,1952,West,NBA
wanzebo01,Wanzer,Bob,1951,West,NBA
washike01,Washington,Kermit,1979,West,NBA
webbech01,Webber,Chris,2002,West,NBA
webbech01,Webber,Chris,2001,West,NBA
webbech01,Webber,Chris,2000,West,NBA
webbech01,Webber,Chris,1999,West,NBA
webbech01,Webber,Chris,1996,East,NBA
wedmasc01,Wedman,Scott,1975,West,NBA
westda01,West,David,2007,West,NBA
westda01,West,David,2008,West,NBA
westje01,West,Jerry,1972,West,NBA
westje01,West,Jerry,1971,West,NBA
westje01,West,Jerry,1970,West,NBA
westje01,West,Jerry,1969,West,NBA
westje01,West,Jerry,1968,West,NBA
westje01,West,Jerry,1967,West,NBA
westje01,West,Jerry,1966,West,NBA
westje01,West,Jerry,1965,West,NBA
westje01,West,Jerry,1964,West,NBA
westje01,West,Jerry,1963,West,NBA
westje01,West,Jerry,1962,West,NBA
westje01,West,Jerry,1961,West,NBA
westje01,West,Jerry,1960,West,NBA
westppa01,Westphal,Paul,1979,West,NBA
westppa01,Westphal,Paul,1978,West,NBA
westppa01,Westphal,Paul,1977,West,NBA
westppa01,Westphal,Paul,1976,West,NBA
westppa01,Westphal,Paul,1980,West,NBA
whitejo01,White,Jo Jo,1971,East,NBA
whitejo01,White,Jo Jo,1970,East,NBA
whitejo01,White,Jo,1975,East,NBA
whitejo01,White,Jo,1974,East,NBA
whitejo01,White,Jo,1973,East,NBA
whitejo01,White,Jo,1972,East,NBA
whitejo01,Jo,Jo,1976,East,NBA
wickssi01,Wicks,Sidney,1974,West,NBA
wickssi01,Wicks,Sidney,1973,West,NBA
wickssi01,Wicks,Sidney,1972,West,NBA
wickssi01,Wicks,Sidney,1971,West,NBA
wilkeja01,Wilkes,Jamaal,1975,West,NBA
wilkeja01,Wilkes,Jamaal,1982,West,NBA
wilkeja01,Wilkes,Jamaal,1980,West,NBA
wilkele01,Wilkens,Lenny,1972,East,NBA
wilkele01,Wilkens,Lenny,1962,West,NBA
wilkele01,Wilkens,Lenny,1970,West,NBA
wilkele01,Wilkens,Lenny,1969,West,NBA
wilkele01,Wilkens,Len,1967,West,NBA
wilkele01,Wilkens,Len,1966,West,NBA
wilkele01,Wilkens,Len,1964,West,NBA
wilkele01,Wilkens,Len,1963,West,NBA
wilkele01,Wilkens,Len,1968,West,NBA
wilkido01,Wilkins,Dominique,1993,East,NBA
wilkido01,Wilkins,Dominique,1992,East,NBA
wilkido01,Wilkins,Dominique,1991,East,NBA
wilkido01,Wilkins,Dominique,1990,East,NBA
wilkido01,Wilkins,Dominique,1989,East,NBA
wilkido01,Wilkins,Dominique,1988,East,NBA
wilkido01,Wilkins,Dominique,1987,East,NBA
wilkido01,Wilkins,Dominique,1986,East,NBA
wilkido01,Wilkins,Dominique,1985,East,NBA
willibu01,Williams,Buck,1985,East,NBA
willibu01,Williams,Buck,1982,East,NBA
willibu01,Williams,Buck,1981,East,NBA
willide01,Williams,Deron,2009,West,NBA
willigu01,Williams,Gus,1982,West,NBA
willigu01,Williams,Gus,1981,West,NBA
willija01,Williams,Jayson,1997,East,NBA
willike01,Willis,Kevin,1991,East,NBA
willima01,Williams,Mo,2008,East,NBA
wintebr01,Winters,Brian,1977,West,NBA
wintebr01,Winters,Brian,1975,West,NBA
worthja01,Worthy,James,1991,West,NBA
worthja01,Worthy,James,1990,West,NBA
worthja01,Worthy,James,1989,West,NBA
worthja01,Worthy,James,1988,West,NBA
worthja01,Worthy,James,1987,West,NBA
worthja01,Worthy,James,1986,West,NBA
worthja01,Worthy,James,1985,West,NBA
yardlge01,Yardley,George,1958,West,NBA
yardlge01,Yardley,George,1957,West,NBA
yardlge01,Yardley,George,1956,West,NBA
yardlge01,Yardley,George,1955,West,NBA
yardlge01,Yardley,George,1954,West,NBA
yardlge01,Yardley,George,1959,East,NBA
zasloma01,Zaslofsky,Max,1951,East,NBA
